date,Pound sterling
01/01/2016,719.2
04/01/2016,736.8
05/01/2016,735.2
06/01/2016,747.1
07/01/2016,759.4
08/01/2016,757.9
11/01/2016,757.5
12/01/2016,755.4
13/01/2016,753.4
14/01/2016,756.2
15/01/2016,764.4
18/01/2016,763.1
19/01/2016,768
20/01/2016,776.6
21/01/2016,775.7
22/01/2016,764.7
25/01/2016,775.6
26/01/2016,777.4
27/01/2016,783
28/01/2016,774.2
29/01/2016,783.8
01/02/2016,783.8
02/02/2016,785.2
03/02/2016,775.9
04/02/2016,793.1
05/02/2016,794.2
08/02/2016,830.1
09/02/2016,822.2
10/02/2016,823.1
11/02/2016,859.6
12/02/2016,857.5
15/02/2016,836.2
16/02/2016,845.3
17/02/2016,845.1
18/02/2016,842.5
19/02/2016,862.9
22/02/2016,856.8
23/02/2016,866
24/02/2016,897.7
25/02/2016,886.3
26/02/2016,884.7
29/02/2016,886.1
01/03/2016,888.2
02/03/2016,881.1
03/03/2016,883.2
04/03/2016,898.7
07/03/2016,892.6
08/03/2016,891.8
09/03/2016,876.4
10/03/2016,885.3
11/03/2016,878.7
14/03/2016,867.6
15/03/2016,869.8
16/03/2016,871.5
17/03/2016,874.1
18/03/2016,862.8
21/03/2016,864.5
22/03/2016,881
23/03/2016,862.9
24/03/2016,863.2
25/03/2016,863.2
28/03/2016,856.4
29/03/2016,859.5
30/03/2016,855.7
31/03/2016,860.6
01/04/2016,855.3
04/04/2016,853.5
05/04/2016,871.3
06/04/2016,867
07/04/2016,881.2
08/04/2016,878.7
11/04/2016,879.6
12/04/2016,882.9
13/04/2016,876.7
14/04/2016,872.5
15/04/2016,865.5
18/04/2016,864.6
19/04/2016,871.8
20/04/2016,869.3
21/04/2016,871.2
22/04/2016,862.7
25/04/2016,854.4
26/04/2016,851.4
27/04/2016,858.1
28/04/2016,861.8
29/04/2016,877.6
02/05/2016,876.2
03/05/2016,889.5
04/05/2016,886.1
05/05/2016,883.2
06/05/2016,893.2
09/05/2016,878.7
10/05/2016,872.9
11/05/2016,882.8
12/05/2016,882.2
13/05/2016,882.3
16/05/2016,892.8
17/05/2016,882.7
18/05/2016,870.7
19/05/2016,854.4
20/05/2016,864.1
23/05/2016,861.4
24/05/2016,846.6
25/05/2016,829.4
26/05/2016,833.7
27/05/2016,832.1
30/05/2016,831.7
31/05/2016,832.8
01/06/2016,842.7
02/06/2016,839.2
03/06/2016,854.5
06/06/2016,860
07/06/2016,852.6
08/06/2016,867.7
09/06/2016,873.5
10/06/2016,890.1
13/06/2016,897.1
14/06/2016,912
15/06/2016,904.2
16/06/2016,931.8
17/06/2016,902.9
20/06/2016,872.2
21/06/2016,867.4
22/06/2016,861.2
23/06/2016,852.4
24/06/2016,965.4
27/06/2016,"1,007.40"
28/06/2016,983.2
29/06/2016,977.1
30/06/2016,988
01/07/2016,"1,010.20"
04/07/2016,"1,016.40"
05/07/2016,"1,035.20"
06/07/2016,"1,060.60"
07/07/2016,"1,049.00"
08/07/2016,"1,045.00"
11/07/2016,"1,044.70"
12/07/2016,"1,018.20"
13/07/2016,"1,015.70"
14/07/2016,993.4
15/07/2016,"1,002.70"
18/07/2016,"1,004.80"
19/07/2016,"1,013.20"
20/07/2016,998.6
21/07/2016,999.6
22/07/2016,"1,009.40"
25/07/2016,"1,000.50"
26/07/2016,"1,008.70"
27/07/2016,"1,013.40"
28/07/2016,"1,022.40"
29/07/2016,"1,010.80"
01/08/2016,"1,022.20"
02/08/2016,"1,024.30"
03/08/2016,"1,019.80"
04/08/2016,"1,038.30"
05/08/2016,"1,026.40"
08/08/2016,"1,025.30"
09/08/2016,"1,032.20"
10/08/2016,"1,035.80"
11/08/2016,"1,045.00"
12/08/2016,"1,045.50"
15/08/2016,"1,040.10"
16/08/2016,"1,036.60"
17/08/2016,"1,032.30"
18/08/2016,"1,025.50"
19/08/2016,"1,031.30"
22/08/2016,"1,015.90"
23/08/2016,"1,017.60"
24/08/2016,"1,001.70"
25/08/2016,"1,001.60"
26/08/2016,998.8
29/08/2016,"1,008.60"
30/08/2016,"1,006.50"
31/08/2016,999.7
01/09/2016,984.6
02/09/2016,995.3
05/09/2016,997.6
06/09/2016,995.7
07/09/2016,"1,010.50"
08/09/2016,"1,008.90"
09/09/2016,"1,003.80"
12/09/2016,995.5
13/09/2016,"1,004.00"
14/09/2016,"1,002.70"
15/09/2016,993.6
16/09/2016,"1,000.20"
19/09/2016,"1,006.70"
20/09/2016,"1,014.40"
21/09/2016,"1,023.20"
22/09/2016,"1,022.40"
23/09/2016,"1,032.90"
26/09/2016,"1,033.30"
27/09/2016,"1,022.00"
28/09/2016,"1,018.30"
29/09/2016,"1,015.60"
30/09/2016,"1,018.10"
03/10/2016,"1,023.10"
04/10/2016,"1,006.20"
05/10/2016,996.2
06/10/2016,991.9
07/10/2016,"1,010.30"
10/10/2016,"1,017.70"
11/10/2016,"1,025.00"
12/10/2016,"1,030.90"
13/10/2016,"1,034.40"
14/10/2016,"1,026.40"
17/10/2016,"1,032.50"
18/10/2016,"1,022.60"
19/10/2016,"1,032.30"
20/10/2016,"1,038.70"
21/10/2016,"1,038.10"
24/10/2016,"1,036.80"
25/10/2016,"1,046.40"
26/10/2016,"1,038.30"
27/10/2016,"1,040.10"
28/10/2016,"1,047.80"
31/10/2016,"1,041.90"
01/11/2016,"1,054.40"
02/11/2016,"1,058.70"
03/11/2016,"1,044.60"
04/11/2016,"1,038.30"
07/11/2016,"1,035.20"
08/11/2016,"1,033.80"
09/11/2016,"1,029.70"
10/11/2016,"1,015.30"
11/11/2016,982.3
14/11/2016,974.3
15/11/2016,990.6
16/11/2016,989.6
17/11/2016,986.5
18/11/2016,983.7
21/11/2016,973.4
22/11/2016,975.7
23/11/2016,956
24/11/2016,951.5
25/11/2016,953.9
28/11/2016,956.3
29/11/2016,948.7
30/11/2016,942.9
01/12/2016,920.6
02/12/2016,927.1
05/12/2016,914.8
06/12/2016,922.4
07/12/2016,933.9
08/12/2016,932.8
09/12/2016,925.7
12/12/2016,912.6
13/12/2016,913.4
14/12/2016,914.9
15/12/2016,908.4
16/12/2016,910.2
19/12/2016,917
20/12/2016,911.3
21/12/2016,916.2
22/12/2016,920.1
23/12/2016,923
26/12/2016,923
27/12/2016,923
28/12/2016,927.9
29/12/2016,937.2
30/12/2016,927.4
02/01/2017,927.4
03/01/2017,940.3
04/01/2017,946.7
05/01/2017,947.5
06/01/2017,954.5
09/01/2017,970.4
10/01/2017,976.5
11/01/2017,976.8
12/01/2017,986.2
13/01/2017,977.5
16/01/2017,997.1
17/01/2017,981.8
18/01/2017,984.2
19/01/2017,972.1
20/01/2017,974.4
23/01/2017,971
24/01/2017,972.4
25/01/2017,947.4
26/01/2017,945
27/01/2017,944.2
30/01/2017,953.2
31/01/2017,964
01/02/2017,951.8
02/02/2017,975.1
03/02/2017,971.6
06/02/2017,985.7
07/02/2017,990.3
08/02/2017,990.8
09/02/2017,987.5
10/02/2017,984.2
13/02/2017,977.6
14/02/2017,987.6
15/02/2017,983.3
16/02/2017,992.3
17/02/2017,999
20/02/2017,991.9
21/02/2017,989
22/02/2017,992.7
23/02/2017,994.4
24/02/2017,"1,003.50"
27/02/2017,"1,008.30"
28/02/2017,"1,009.00"
01/03/2017,"1,007.20"
02/03/2017,"1,008.00"
03/03/2017,"1,000.30"
06/03/2017,"1,004.40"
07/03/2017,997.7
08/03/2017,993.7
09/03/2017,993
10/03/2017,988.5
13/03/2017,984.4
14/03/2017,990
15/03/2017,980.9
16/03/2017,993.9
17/03/2017,993.9
20/03/2017,996.8
21/03/2017,994.9
22/03/2017,"1,001.20"
23/03/2017,996
24/03/2017,998.8
27/03/2017,"1,000.40"
28/03/2017,"1,003.00"
29/03/2017,"1,007.90"
30/03/2017,999.6
31/03/2017,995.5
03/04/2017,999.5
04/04/2017,"1,010.40"
05/04/2017,998.5
06/04/2017,"1,002.30"
07/04/2017,"1,022.00"
10/04/2017,"1,005.90"
11/04/2017,"1,003.30"
12/04/2017,"1,018.60"
13/04/2017,"1,025.80"
14/04/2017,"1,025.80"
17/04/2017,"1,019.70"
18/04/2017,"1,002.00"
19/04/2017,998.4
20/04/2017,998.4
21/04/2017,"1,003.30"
24/04/2017,993.5
25/04/2017,988.5
26/04/2017,981.6
27/04/2017,979.2
28/04/2017,978.9
01/05/2017,979.6
02/05/2017,971.4
03/05/2017,969.4
04/05/2017,951.1
05/05/2017,947.6
08/05/2017,950.3
09/05/2017,942.4
10/05/2017,944.4
11/05/2017,949.9
12/05/2017,955.2
15/05/2017,954.8
16/05/2017,955.4
17/05/2017,969.3
18/05/2017,966.2
19/05/2017,961.3
22/05/2017,967.2
23/05/2017,970.9
24/05/2017,967.3
25/05/2017,971
26/05/2017,989.1
29/05/2017,985.1
30/05/2017,981.8
31/05/2017,980.8
01/06/2017,980.4
02/06/2017,989.7
05/06/2017,989.7
06/06/2017,"1,003.20"
07/06/2017,996.2
08/06/2017,983.2
09/06/2017,994
12/06/2017,999.3
13/06/2017,991.3
14/06/2017,997.5
15/06/2017,983.1
16/06/2017,980.6
19/06/2017,978.4
20/06/2017,984.5
21/06/2017,981.1
22/06/2017,987.9
23/06/2017,985.8
26/06/2017,977.5
27/06/2017,978
28/06/2017,964.6
29/06/2017,956.8
30/06/2017,956.4
03/07/2017,950.2
04/07/2017,946.7
05/07/2017,944.2
06/07/2017,946
07/07/2017,943.8
10/07/2017,942.2
11/07/2017,943
12/07/2017,945.7
13/07/2017,942.4
14/07/2017,940.3
17/07/2017,944.3
18/07/2017,953
19/07/2017,952.5
20/07/2017,954
21/07/2017,961.2
24/07/2017,962.3
25/07/2017,961.3
26/07/2017,956
27/07/2017,963.8
28/07/2017,964.2
31/07/2017,961.5
01/08/2017,960.6
02/08/2017,960.1
03/08/2017,964.9
04/08/2017,964.6
07/08/2017,966
08/08/2017,973.7
09/08/2017,978.4
10/08/2017,988.8
11/08/2017,991.1
14/08/2017,987.5
15/08/2017,988.3
16/08/2017,988.8
17/08/2017,997.2
18/08/2017,"1,007.80"
21/08/2017,"1,001.80"
22/08/2017,"1,000.60"
23/08/2017,"1,005.60"
24/08/2017,"1,007.20"
25/08/2017,998
28/08/2017,994.1
29/08/2017,"1,018.30"
30/08/2017,"1,012.70"
31/08/2017,"1,018.00"
01/09/2017,"1,017.80"
04/09/2017,"1,028.90"
05/09/2017,"1,025.10"
06/09/2017,"1,023.60"
07/09/2017,"1,024.80"
08/09/2017,"1,021.10"
11/09/2017,"1,011.90"
12/09/2017,999.9
13/09/2017,"1,003.40"
14/09/2017,992.2
15/09/2017,973.1
18/09/2017,969.6
19/09/2017,968.5
20/09/2017,966.7
21/09/2017,954
22/09/2017,957.1
25/09/2017,958.9
26/09/2017,968.9
27/09/2017,958.2
28/09/2017,954.5
29/09/2017,956.4
02/10/2017,959.6
03/10/2017,959.7
04/10/2017,959.5
05/10/2017,970
06/10/2017,966.3
09/10/2017,973.7
10/10/2017,977
11/10/2017,977.5
12/10/2017,980
13/10/2017,976.8
16/10/2017,981.5
17/10/2017,975.6
18/10/2017,972.1
19/10/2017,974.3
20/10/2017,971.4
23/10/2017,966.9
24/10/2017,973.1
25/10/2017,962.2
26/10/2017,967.3
27/10/2017,965.9
30/10/2017,964
31/10/2017,956.5
01/11/2017,963.4
02/11/2017,979
03/11/2017,969.7
06/11/2017,968.5
07/11/2017,970.8
08/11/2017,980.1
09/11/2017,979.4
10/11/2017,971.5
13/11/2017,974.7
14/11/2017,971.7
15/11/2017,974.1
16/11/2017,970.1
17/11/2017,972.8
20/11/2017,969.8
21/11/2017,970.1
22/11/2017,968.8
23/11/2017,970.4
24/11/2017,966.3
27/11/2017,970.8
28/11/2017,976.5
29/11/2017,957.4
30/11/2017,945.7
01/12/2017,945.5
04/12/2017,944.8
05/12/2017,941
06/12/2017,944.2
07/12/2017,935.4
08/12/2017,935
11/12/2017,933.6
12/12/2017,931.5
13/12/2017,930
14/12/2017,931.9
15/12/2017,942.1
18/12/2017,940.9
19/12/2017,944.1
20/12/2017,943.3
21/12/2017,946.9
22/12/2017,946.1
25/12/2017,946.1
26/12/2017,946.1
27/12/2017,954.8
28/12/2017,960.7
29/12/2017,954.4
01/01/2018,954.4
02/01/2018,966.2
03/01/2018,973.1
04/01/2018,970
05/01/2018,971.1
08/01/2018,972
09/01/2018,969.5
10/01/2018,975.3
11/01/2018,977.5
12/01/2018,969.4
15/01/2018,970.3
16/01/2018,968.4
17/01/2018,965.5
18/01/2018,959.5
19/01/2018,964.1
22/01/2018,954.1
23/01/2018,951.2
24/01/2018,951.8
25/01/2018,947.4
26/01/2018,954.1
29/01/2018,955.6
30/01/2018,952.7
31/01/2018,945.9
01/02/2018,942.2
02/02/2018,942.5
05/02/2018,951.3
06/02/2018,957.3
07/02/2018,954.2
08/02/2018,939.7
09/02/2018,951.8
12/02/2018,957.6
13/02/2018,954.9
14/02/2018,956.9
15/02/2018,962.1
16/02/2018,963
19/02/2018,962.3
20/02/2018,956.7
21/02/2018,951.8
22/02/2018,952.9
23/02/2018,950.4
26/02/2018,956.8
27/02/2018,955.1
28/02/2018,956.5
01/03/2018,953
02/03/2018,960.2
05/03/2018,953.6
06/03/2018,959
07/03/2018,956.8
08/03/2018,955.2
09/03/2018,952.3
12/03/2018,949.2
13/03/2018,945.7
14/03/2018,949.1
15/03/2018,945.5
16/03/2018,941.2
19/03/2018,935.4
20/03/2018,935.5
21/03/2018,939.5
22/03/2018,943
23/03/2018,951.7
26/03/2018,950.7
27/03/2018,948.6
28/03/2018,944.9
29/03/2018,943.7
30/03/2018,943.7
02/04/2018,942
03/04/2018,949.4
04/04/2018,949.5
05/04/2018,948.6
06/04/2018,945.1
09/04/2018,942.9
10/04/2018,944.7
11/04/2018,950.8
12/04/2018,942.5
13/04/2018,943.1
16/04/2018,941.6
17/04/2018,938.1
18/04/2018,949.4
19/04/2018,948.2
20/04/2018,953.3
23/04/2018,949.4
24/04/2018,951.6
25/04/2018,948.4
26/04/2018,947.9
27/04/2018,957.9
30/04/2018,953.4
01/05/2018,961.5
02/05/2018,959
03/05/2018,971.1
04/05/2018,968.7
07/05/2018,965
08/05/2018,966.5
09/05/2018,967.6
10/05/2018,979.1
11/05/2018,977.2
14/05/2018,970.8
15/05/2018,959.5
16/05/2018,957.6
17/05/2018,954.9
18/05/2018,956.1
21/05/2018,961
22/05/2018,963.5
23/05/2018,966.2
24/05/2018,975.7
25/05/2018,979.1
28/05/2018,980.2
29/05/2018,976.2
30/05/2018,979.9
31/05/2018,981
01/06/2018,971.3
04/06/2018,971.7
05/06/2018,968.4
06/06/2018,968.2
07/06/2018,966.8
08/06/2018,968.7
11/06/2018,970.4
12/06/2018,972.6
13/06/2018,969.7
14/06/2018,977.1
15/06/2018,967.3
18/06/2018,967.8
19/06/2018,969
20/06/2018,967.1
21/06/2018,955
22/06/2018,956.3
25/06/2018,956.3
26/06/2018,952.4
27/06/2018,954.3
28/06/2018,955.9
29/06/2018,947.1
02/07/2018,950.7
03/07/2018,950.1
04/07/2018,950.5
05/07/2018,949.4
06/07/2018,945.7
09/07/2018,951.8
10/07/2018,945.3
11/07/2018,944.6
12/07/2018,942.2
13/07/2018,940.6
16/07/2018,938.1
17/07/2018,936.8
18/07/2018,938.4
19/07/2018,936.4
20/07/2018,937.9
23/07/2018,934.1
24/07/2018,933.9
25/07/2018,936.5
26/07/2018,934
27/07/2018,932.5
30/07/2018,930.9
31/07/2018,930.8
01/08/2018,928.9
02/08/2018,932.7
03/08/2018,934.3
06/08/2018,934.9
07/08/2018,935.9
08/08/2018,938.9
09/08/2018,943.7
10/08/2018,950.6
13/08/2018,939.5
14/08/2018,938.7
15/08/2018,933
16/08/2018,927.6
17/08/2018,925
20/08/2018,928.2
21/08/2018,925.7
22/08/2018,927
23/08/2018,929
24/08/2018,931.5
27/08/2018,929.2
28/08/2018,941.2
29/08/2018,926.7
30/08/2018,920.6
31/08/2018,925.1
03/09/2018,931.4
04/09/2018,928.1
05/09/2018,923.6
06/09/2018,930.7
07/09/2018,925.7
10/09/2018,919
11/09/2018,915.2
12/09/2018,918.1
13/09/2018,923.9
14/09/2018,919.3
17/09/2018,913.8
18/09/2018,912.5
19/09/2018,914.9
20/09/2018,911.8
21/09/2018,915.2
24/09/2018,915.3
25/09/2018,913.1
26/09/2018,905.9
27/09/2018,903.8
28/09/2018,910.4
01/10/2018,911.8
02/10/2018,928
03/10/2018,923.6
04/10/2018,923.7
05/10/2018,920.6
08/10/2018,908.3
09/10/2018,905.6
10/10/2018,900.5
11/10/2018,912.5
12/10/2018,927.1
15/10/2018,936
16/10/2018,931.6
17/10/2018,935.8
18/10/2018,935.4
19/10/2018,941.3
22/10/2018,942.2
23/10/2018,952.8
24/10/2018,953
25/10/2018,960.5
26/10/2018,962.4
29/10/2018,961.1
30/10/2018,962.5
31/10/2018,950.9
01/11/2018,949
02/11/2018,950.5
05/11/2018,946.4
06/11/2018,941.6
07/11/2018,936.4
08/11/2018,932.5
09/11/2018,929.8
12/11/2018,937
13/11/2018,925
14/11/2018,925.3
15/11/2018,947.8
16/11/2018,952.2
19/11/2018,949.8
20/11/2018,953.7
21/11/2018,959.5
22/11/2018,953
23/11/2018,955.6
26/11/2018,953.9
27/11/2018,958.6
28/11/2018,951.4
29/11/2018,959.7
30/11/2018,954.3
03/12/2018,966
04/12/2018,974.5
05/12/2018,970.4
06/12/2018,972.2
07/12/2018,974.5
10/12/2018,993.9
11/12/2018,994.3
12/12/2018,983.9
13/12/2018,984.9
14/12/2018,983.6
17/12/2018,984.6
18/12/2018,986.7
19/12/2018,992.6
20/12/2018,997
21/12/2018,992.7
24/12/2018,989.3
25/12/2018,989.3
26/12/2018,992.8
27/12/2018,"1,003.60"
28/12/2018,"1,008.30"
31/12/2018,"1,004.20"
01/01/2019,"1,004.20"
02/01/2019,"1,018.00"
03/01/2019,"1,024.10"
04/01/2019,"1,006.20"
07/01/2019,"1,012.10"
08/01/2019,"1,010.40"
09/01/2019,"1,011.30"
10/01/2019,"1,011.10"
11/01/2019,"1,005.20"
14/01/2019,"1,001.20"
15/01/2019,"1,010.70"
16/01/2019,"1,004.90"
17/01/2019,999.9
18/01/2019,995
21/01/2019,992.4
22/01/2019,989.4
23/01/2019,979.8
24/01/2019,984.1
25/01/2019,982.5
28/01/2019,989.8
29/01/2019,994.6
30/01/2019,"1,002.80"
31/01/2019,"1,005.90"
01/02/2019,"1,007.20"
04/02/2019,"1,002.90"
05/02/2019,"1,015.60"
06/02/2019,"1,012.30"
07/02/2019,"1,009.80"
08/02/2019,"1,015.80"
11/02/2019,"1,015.50"
12/02/2019,"1,016.80"
13/02/2019,"1,019.10"
14/02/2019,"1,026.10"
15/02/2019,"1,024.80"
18/02/2019,"1,025.30"
19/02/2019,"1,023.80"
20/02/2019,"1,028.60"
21/02/2019,"1,018.80"
22/02/2019,"1,017.90"
25/02/2019,"1,018.70"
26/02/2019,"1,000.90"
27/02/2019,991.9
28/02/2019,991.8
01/03/2019,990.6
04/03/2019,975.9
05/03/2019,979.1
06/03/2019,977.7
07/03/2019,979.8
08/03/2019,996.2
11/03/2019,987.1
12/03/2019,990.5
13/03/2019,988.1
14/03/2019,975.3
15/03/2019,981.8
18/03/2019,987.6
19/03/2019,986
20/03/2019,988.5
21/03/2019,"1,001.80"
22/03/2019,991.9
25/03/2019,999.6
26/03/2019,996.2
27/03/2019,992.9
28/03/2019,989.7
29/03/2019,994.1
01/04/2019,984
02/04/2019,990.2
03/04/2019,980.7
04/04/2019,981
05/04/2019,990.3
08/04/2019,996.3
09/04/2019,998.7
10/04/2019,997.4
11/04/2019,992.6
12/04/2019,987.9
15/04/2019,980.3
16/04/2019,977.8
17/04/2019,977.7
18/04/2019,980.6
19/04/2019,980.6
22/04/2019,983
23/04/2019,981.2
24/04/2019,981.6
25/04/2019,992.3
26/04/2019,992.8
29/04/2019,990.1
30/04/2019,983.6
01/05/2019,981.3
02/05/2019,975
03/05/2019,974.6
06/05/2019,976.6
07/05/2019,981.8
08/05/2019,988.8
09/05/2019,987.8
10/05/2019,987.6
13/05/2019,997.7
14/05/2019,"1,005.20"
15/05/2019,"1,009.80"
16/05/2019,"1,009.80"
17/05/2019,"1,005.80"
20/05/2019,"1,002.60"
21/05/2019,994.3
22/05/2019,"1,006.20"
23/05/2019,"1,013.20"
24/05/2019,"1,010.50"
27/05/2019,"1,011.50"
28/05/2019,"1,008.60"
29/05/2019,"1,014.70"
30/05/2019,"1,017.30"
31/05/2019,"1,027.90"
03/06/2019,"1,042.80"
04/06/2019,"1,044.90"
05/06/2019,"1,048.70"
06/06/2019,"1,050.50"
07/06/2019,"1,050.90"
10/06/2019,"1,047.00"
11/06/2019,"1,041.20"
12/06/2019,"1,047.10"
13/06/2019,"1,053.20"
14/06/2019,"1,071.70"
17/06/2019,"1,068.20"
18/06/2019,"1,069.50"
19/06/2019,"1,064.10"
20/06/2019,"1,086.20"
21/06/2019,"1,100.50"
24/06/2019,"1,104.70"
25/06/2019,"1,125.20"
26/06/2019,"1,107.40"
27/06/2019,"1,106.40"
28/06/2019,"1,107.10"
01/07/2019,"1,098.80"
02/07/2019,"1,104.60"
03/07/2019,"1,125.10"
04/07/2019,"1,125.30"
05/07/2019,"1,110.20"
08/07/2019,"1,118.80"
09/07/2019,"1,116.30"
10/07/2019,"1,127.10"
11/07/2019,"1,127.60"
12/07/2019,"1,120.60"
15/07/2019,"1,128.80"
16/07/2019,"1,135.30"
17/07/2019,"1,134.60"
18/07/2019,"1,135.40"
19/07/2019,"1,151.40"
22/07/2019,"1,142.50"
23/07/2019,"1,146.20"
24/07/2019,"1,141.60"
25/07/2019,"1,133.30"
26/07/2019,"1,146.70"
29/07/2019,"1,160.40"
30/07/2019,"1,173.30"
31/07/2019,"1,165.90"
01/08/2019,"1,157.90"
02/08/2019,"1,189.70"
05/08/2019,"1,207.00"
06/08/2019,"1,204.10"
07/08/2019,"1,239.20"
08/08/2019,"1,232.70"
09/08/2019,"1,239.90"
12/08/2019,"1,245.20"
13/08/2019,"1,241.30"
14/08/2019,"1,253.70"
15/08/2019,"1,251.30"
16/08/2019,"1,247.80"
19/08/2019,"1,233.30"
20/08/2019,"1,240.20"
21/08/2019,"1,239.20"
22/08/2019,"1,226.00"
23/08/2019,"1,225.10"
26/08/2019,"1,230.40"
27/08/2019,"1,248.80"
28/08/2019,"1,257.90"
29/08/2019,"1,262.10"
30/08/2019,"1,255.00"
02/09/2019,"1,265.00"
03/09/2019,"1,271.60"
04/09/2019,"1,268.00"
05/09/2019,"1,240.70"
06/09/2019,"1,237.40"
09/09/2019,"1,222.70"
10/09/2019,"1,212.80"
11/09/2019,"1,207.50"
12/09/2019,"1,228.70"
13/09/2019,"1,206.40"
16/09/2019,"1,205.50"
17/09/2019,"1,203.30"
18/09/2019,"1,204.40"
19/09/2019,"1,201.60"
20/09/2019,"1,201.20"
23/09/2019,"1,224.60"
24/09/2019,"1,218.80"
25/09/2019,"1,235.00"
26/09/2019,"1,221.20"
27/09/2019,"1,210.10"
30/09/2019,"1,205.30"
01/10/2019,"1,205.50"
02/10/2019,"1,213.10"
03/10/2019,"1,223.00"
04/10/2019,"1,219.30"
07/10/2019,"1,218.50"
08/10/2019,"1,232.80"
09/10/2019,"1,233.80"
10/10/2019,"1,217.00"
11/10/2019,"1,166.10"
14/10/2019,"1,184.70"
15/10/2019,"1,164.40"
16/10/2019,"1,159.80"
17/10/2019,"1,162.40"
18/10/2019,"1,155.00"
21/10/2019,"1,148.80"
22/10/2019,"1,150.80"
23/10/2019,"1,160.10"
24/10/2019,"1,164.80"
25/10/2019,"1,179.10"
28/10/2019,"1,160.80"
29/10/2019,"1,152.50"
30/10/2019,"1,159.30"
31/10/2019,"1,167.70"
01/11/2019,"1,165.20"
04/11/2019,"1,168.40"
05/11/2019,"1,157.10"
06/11/2019,"1,154.30"
07/11/2019,"1,157.70"
08/11/2019,"1,144.40"
11/11/2019,"1,133.10"
12/11/2019,"1,131.00"
13/11/2019,"1,139.40"
14/11/2019,"1,140.70"
15/11/2019,"1,136.80"
18/11/2019,"1,132.00"
19/11/2019,"1,135.70"
20/11/2019,"1,139.80"
21/11/2019,"1,135.20"
22/11/2019,"1,141.40"
25/11/2019,"1,129.90"
26/11/2019,"1,132.90"
27/11/2019,"1,129.40"
28/11/2019,"1,127.40"
29/11/2019,"1,128.80"
02/12/2019,"1,130.80"
03/12/2019,"1,137.00"
04/12/2019,"1,125.30"
05/12/2019,"1,122.00"
06/12/2019,"1,113.70"
09/12/2019,"1,111.10"
10/12/2019,"1,112.40"
11/12/2019,"1,113.20"
12/12/2019,"1,118.80"
13/12/2019,"1,099.00"
16/12/2019,"1,108.30"
17/12/2019,"1,123.60"
18/12/2019,"1,127.70"
19/12/2019,"1,133.40"
20/12/2019,"1,133.50"
23/12/2019,"1,146.70"
24/12/2019,"1,143.30"
25/12/2019,"1,143.30"
26/12/2019,"1,140.10"
27/12/2019,"1,154.70"
30/12/2019,"1,155.10"
31/12/2019,"1,143.40"
01/01/2020,"1,143.40"
02/01/2020,"1,158.00"
03/01/2020,"1,184.90"
06/01/2020,"1,195.40"
07/01/2020,"1,195.00"
08/01/2020,"1,200.10"
09/01/2020,"1,188.50"
10/01/2020,"1,189.50"
13/01/2020,"1,194.30"
14/01/2020,"1,187.70"
15/01/2020,"1,189.30"
16/01/2020,"1,189.80"
17/01/2020,"1,195.30"
20/01/2020,"1,200.40"
21/01/2020,"1,187.80"
22/01/2020,"1,184.80"
23/01/2020,"1,191.30"
24/01/2020,"1,197.10"
27/01/2020,"1,210.30"
28/01/2020,"1,212.50"
29/01/2020,"1,210.20"
30/01/2020,"1,204.60"
31/01/2020,"1,201.80"
03/02/2020,"1,210.10"
04/02/2020,"1,196.50"
05/02/2020,"1,196.50"
06/02/2020,"1,209.10"
07/02/2020,"1,215.50"
10/02/2020,"1,217.30"
11/02/2020,"1,213.30"
12/02/2020,"1,205.10"
13/02/2020,"1,206.60"
14/02/2020,"1,215.10"
17/02/2020,"1,215.40"
18/02/2020,"1,219.40"
19/02/2020,"1,238.60"
20/02/2020,"1,257.00"
21/02/2020,"1,268.10"
24/02/2020,"1,293.40"
25/02/2020,"1,267.90"
26/02/2020,"1,265.80"
27/02/2020,"1,283.30"
28/02/2020,"1,260.40"
02/03/2020,"1,255.00"
03/03/2020,"1,260.40"
04/03/2020,"1,280.90"
05/03/2020,"1,284.30"
06/03/2020,"1,291.80"
09/03/2020,"1,276.40"
10/03/2020,"1,279.70"
11/03/2020,"1,283.50"
12/03/2020,"1,252.40"
13/03/2020,"1,260.20"
16/03/2020,"1,211.80"
17/03/2020,"1,279.00"
18/03/2020,"1,273.60"
19/03/2020,"1,264.30"
20/03/2020,"1,272.50"
23/03/2020,"1,327.50"
24/03/2020,"1,362.90"
25/03/2020,"1,365.20"
26/03/2020,"1,347.10"
27/03/2020,"1,309.10"
30/03/2020,"1,303.80"
31/03/2020,"1,297.60"
01/04/2020,"1,268.90"
02/04/2020,"1,306.10"
03/04/2020,"1,315.90"
06/04/2020,"1,345.00"
07/04/2020,"1,340.30"
08/04/2020,"1,330.80"
09/04/2020,"1,347.90"
10/04/2020,"1,347.90"
13/04/2020,"1,344.10"
14/04/2020,"1,382.70"
15/04/2020,"1,375.20"
16/04/2020,"1,389.60"
17/04/2020,"1,353.60"
20/04/2020,"1,351.80"
21/04/2020,"1,370.40"
22/04/2020,"1,387.60"
23/04/2020,"1,401.70"
24/04/2020,"1,390.80"
27/04/2020,"1,382.00"
28/04/2020,"1,360.10"
29/04/2020,"1,369.60"
30/04/2020,"1,349.90"
01/05/2020,"1,344.40"
04/05/2020,"1,376.00"
05/05/2020,"1,364.60"
06/05/2020,"1,368.30"
07/05/2020,"1,387.00"
08/05/2020,"1,368.40"
11/05/2020,"1,378.10"
12/05/2020,"1,380.60"
13/05/2020,"1,397.40"
14/05/2020,"1,419.40"
15/05/2020,"1,431.20"
18/05/2020,"1,422.80"
19/05/2020,"1,418.70"
20/05/2020,"1,424.90"
21/05/2020,"1,412.10"
22/05/2020,"1,422.20"
25/05/2020,"1,421.40"
26/05/2020,"1,392.00"
27/05/2020,"1,387.50"
28/05/2020,"1,394.00"
29/05/2020,"1,398.30"
01/06/2020,"1,386.40"
02/06/2020,"1,387.40"
03/06/2020,"1,353.80"
04/06/2020,"1,348.40"
05/06/2020,"1,322.90"
08/06/2020,"1,331.20"
09/06/2020,"1,346.80"
10/06/2020,"1,350.10"
11/06/2020,"1,374.90"
12/06/2020,"1,382.40"
15/06/2020,"1,361.10"
16/06/2020,"1,368.50"
17/06/2020,"1,375.10"
18/06/2020,"1,384.80"
19/06/2020,"1,403.10"
22/06/2020,"1,415.50"
23/06/2020,"1,412.40"
24/06/2020,"1,418.60"
25/06/2020,"1,416.00"
26/06/2020,"1,418.80"
29/06/2020,"1,444.10"
30/06/2020,"1,431.00"
01/07/2020,"1,421.60"
02/07/2020,"1,425.80"
03/07/2020,"1,422.00"
06/07/2020,"1,429.20"
07/07/2020,"1,423.10"
08/07/2020,"1,438.10"
09/07/2020,"1,436.40"
10/07/2020,"1,424.10"
13/07/2020,"1,432.50"
14/07/2020,"1,438.20"
15/07/2020,"1,429.70"
16/07/2020,"1,434.60"
17/07/2020,"1,441.80"
20/07/2020,"1,435.60"
21/07/2020,"1,445.10"
22/07/2020,"1,455.00"
23/07/2020,"1,473.80"
24/07/2020,"1,487.40"
27/07/2020,"1,501.70"
28/07/2020,"1,499.40"
29/07/2020,"1,504.90"
30/07/2020,"1,501.20"
31/07/2020,"1,497.10"
03/08/2020,"1,503.00"
04/08/2020,"1,516.30"
05/08/2020,"1,558.40"
06/08/2020,"1,572.80"
07/08/2020,"1,556.30"
10/08/2020,"1,562.00"
11/08/2020,"1,482.40"
12/08/2020,"1,479.90"
13/08/2020,"1,484.80"
14/08/2020,"1,483.50"
17/08/2020,"1,506.10"
18/08/2020,"1,519.70"
19/08/2020,"1,502.60"
20/08/2020,"1,466.70"
21/08/2020,"1,472.10"
24/08/2020,"1,487.50"
25/08/2020,"1,457.00"
26/08/2020,"1,465.20"
27/08/2020,"1,458.60"
28/08/2020,"1,468.30"
31/08/2020,"1,461.90"
01/09/2020,"1,466.70"
02/09/2020,"1,463.60"
03/09/2020,"1,462.00"
04/09/2020,"1,458.40"
07/09/2020,"1,463.30"
08/09/2020,"1,467.10"
09/09/2020,"1,497.90"
10/09/2020,"1,528.40"
11/09/2020,"1,523.40"
14/09/2020,"1,520.50"
15/09/2020,"1,516.70"
16/09/2020,"1,508.80"
17/09/2020,"1,495.30"
18/09/2020,"1,505.20"
21/09/2020,"1,492.20"
22/09/2020,"1,498.00"
23/09/2020,"1,467.80"
24/09/2020,"1,464.20"
25/09/2020,"1,463.80"
28/09/2020,"1,451.80"
29/09/2020,"1,467.20"
30/09/2020,"1,459.60"
01/10/2020,"1,478.20"
02/10/2020,"1,471.30"
05/10/2020,"1,471.40"
06/10/2020,"1,475.00"
07/10/2020,"1,461.00"
08/10/2020,"1,459.90"
09/10/2020,"1,479.70"
12/10/2020,"1,473.60"
13/10/2020,"1,456.40"
14/10/2020,"1,464.80"
15/10/2020,"1,465.60"
16/10/2020,"1,473.50"
19/10/2020,"1,466.00"
20/10/2020,"1,464.50"
21/10/2020,"1,461.80"
22/10/2020,"1,451.80"
23/10/2020,"1,459.50"
26/10/2020,"1,457.80"
27/10/2020,"1,458.70"
28/10/2020,"1,438.90"
29/10/2020,"1,451.00"
30/10/2020,"1,455.40"
02/11/2020,"1,463.90"
03/11/2020,"1,460.10"
04/11/2020,"1,462.90"
05/11/2020,"1,478.50"
06/11/2020,"1,476.50"
09/11/2020,"1,420.20"
10/11/2020,"1,418.10"
11/11/2020,"1,410.20"
12/11/2020,"1,427.80"
13/11/2020,"1,436.70"
16/11/2020,"1,431.00"
17/11/2020,"1,424.70"
18/11/2020,"1,410.30"
19/11/2020,"1,404.60"
20/11/2020,"1,411.70"
23/11/2020,"1,384.10"
24/11/2020,"1,347.30"
25/11/2020,"1,352.80"
26/11/2020,"1,355.90"
27/11/2020,"1,333.30"
30/11/2020,"1,320.20"
01/12/2020,"1,355.10"
02/12/2020,"1,367.80"
03/12/2020,"1,357.50"
04/12/2020,"1,367.90"
07/12/2020,"1,396.70"
08/12/2020,"1,398.20"
09/12/2020,"1,375.00"
10/12/2020,"1,389.70"
11/12/2020,"1,394.30"
14/12/2020,"1,375.10"
15/12/2020,"1,381.10"
16/12/2020,"1,372.10"
17/12/2020,"1,391.00"
18/12/2020,"1,394.10"
21/12/2020,"1,411.50"
22/12/2020,"1,409.60"
23/12/2020,"1,386.70"
24/12/2020,"1,385.10"
25/12/2020,"1,385.10"
28/12/2020,"1,394.60"
29/12/2020,"1,389.30"
30/12/2020,"1,387.00"
31/12/2020,"1,380.90"
01/01/2021,"1,380.90"
04/01/2021,"1,431.00"
05/01/2021,"1,427.30"
06/01/2021,"1,425.70"
07/01/2021,"1,417.80"
08/01/2021,"1,370.50"
11/01/2021,"1,369.50"
12/01/2021,"1,351.60"
13/01/2021,"1,363.00"
14/01/2021,"1,346.40"
15/01/2021,"1,354.10"
18/01/2021,"1,350.30"
19/01/2021,"1,347.50"
20/01/2021,"1,362.00"
21/01/2021,"1,356.60"
22/01/2021,"1,355.20"
25/01/2021,"1,358.20"
26/01/2021,"1,351.00"
27/01/2021,"1,345.00"
28/01/2021,"1,351.10"
29/01/2021,"1,357.30"
01/02/2021,"1,363.60"
02/02/2021,"1,345.10"
03/02/2021,"1,345.10"
04/02/2021,"1,307.70"
05/02/2021,"1,313.60"
08/02/2021,"1,335.50"
09/02/2021,"1,333.40"
10/02/2021,"1,330.90"
11/02/2021,"1,331.50"
12/02/2021,"1,311.60"
15/02/2021,"1,306.30"
16/02/2021,"1,288.20"
17/02/2021,"1,285.30"
18/02/2021,"1,271.30"
19/02/2021,"1,274.60"
22/02/2021,"1,286.40"
23/02/2021,"1,275.90"
24/02/2021,"1,268.30"
25/02/2021,"1,259.30"
26/02/2021,"1,246.60"
01/03/2021,"1,244.20"
02/03/2021,"1,235.80"
03/03/2021,"1,224.60"
04/03/2021,"1,223.70"
05/03/2021,"1,227.40"
08/03/2021,"1,221.40"
09/03/2021,"1,235.90"
10/03/2021,"1,234.30"
11/03/2021,"1,234.30"
12/03/2021,"1,226.90"
15/03/2021,"1,243.40"
16/03/2021,"1,248.80"
17/03/2021,"1,245.60"
18/03/2021,"1,238.40"
19/03/2021,"1,250.90"
22/03/2021,"1,253.20"
23/03/2021,"1,251.60"
24/03/2021,"1,261.20"
25/03/2021,"1,266.10"
26/03/2021,"1,255.70"
29/03/2021,"1,238.80"
30/03/2021,"1,228.10"
31/03/2021,"1,225.70"
01/04/2021,"1,248.90"
02/04/2021,"1,248.90"
05/04/2021,"1,242.30"
06/04/2021,"1,258.60"
07/04/2021,"1,260.60"
08/04/2021,"1,278.60"
09/04/2021,"1,268.20"
12/04/2021,"1,260.70"
13/04/2021,"1,273.10"
14/04/2021,"1,259.50"
15/04/2021,"1,274.00"
16/04/2021,"1,284.00"
19/04/2021,"1,268.70"
20/04/2021,"1,274.40"
21/04/2021,"1,290.90"
22/04/2021,"1,291.20"
23/04/2021,"1,287.50"
26/04/2021,"1,276.50"
27/04/2021,"1,282.20"
28/04/2021,"1,274.40"
29/04/2021,"1,263.90"
30/04/2021,"1,276.70"
03/05/2021,"1,269.20"
04/05/2021,"1,294.80"
05/05/2021,"1,281.30"
06/05/2021,"1,305.40"
07/05/2021,"1,313.80"
10/05/2021,"1,301.60"
11/05/2021,"1,293.20"
12/05/2021,"1,298.70"
13/05/2021,"1,297.10"
14/05/2021,"1,304.70"
17/05/2021,"1,312.90"
18/05/2021,"1,313.60"
19/05/2021,"1,335.00"
20/05/2021,"1,326.70"
21/05/2021,"1,324.70"
24/05/2021,"1,327.90"
25/05/2021,"1,335.20"
26/05/2021,"1,345.10"
27/05/2021,"1,332.80"
28/05/2021,"1,340.00"
31/05/2021,"1,336.60"
01/06/2021,"1,340.30"
02/06/2021,"1,343.30"
03/06/2021,"1,322.70"
04/06/2021,"1,334.00"
07/06/2021,"1,332.90"
08/06/2021,"1,337.90"
09/06/2021,"1,341.30"
10/06/2021,"1,335.40"
11/06/2021,"1,331.80"
14/06/2021,"1,321.30"
15/06/2021,"1,323.90"
16/06/2021,"1,319.40"
17/06/2021,"1,275.00"
18/06/2021,"1,284.30"
21/06/2021,"1,276.70"
22/06/2021,"1,275.50"
23/06/2021,"1,282.60"
24/06/2021,"1,284.50"
25/06/2021,"1,284.10"
28/06/2021,"1,281.90"
29/06/2021,"1,269.00"
30/06/2021,"1,276.30"
01/07/2021,"1,292.80"
02/07/2021,"1,295.90"
05/07/2021,"1,294.20"
06/07/2021,"1,310.60"
07/07/2021,"1,309.90"
08/07/2021,"1,313.60"
09/07/2021,"1,305.50"
12/07/2021,"1,290.00"
13/07/2021,"1,310.10"
14/07/2021,"1,314.90"
15/07/2021,"1,315.40"
16/07/2021,"1,322.80"
19/07/2021,"1,327.70"
20/07/2021,"1,339.40"
21/07/2021,"1,317.90"
22/07/2021,"1,308.00"
23/07/2021,"1,308.70"
26/07/2021,"1,302.40"
27/07/2021,"1,296.90"
28/07/2021,"1,295.40"
29/07/2021,"1,308.90"
30/07/2021,"1,313.20"
02/08/2021,"1,303.40"
03/08/2021,"1,304.60"
04/08/2021,"1,315.00"
05/08/2021,"1,292.40"
06/08/2021,"1,271.40"
09/08/2021,"1,255.70"
10/08/2021,"1,244.50"
11/08/2021,"1,257.30"
12/08/2021,"1,263.10"
13/08/2021,"1,280.40"
16/08/2021,"1,288.80"
17/08/2021,"1,302.60"
18/08/2021,"1,296.40"
19/08/2021,"1,304.50"
20/08/2021,"1,306.70"
23/08/2021,"1,313.50"
24/08/2021,"1,317.20"
25/08/2021,"1,302.60"
26/08/2021,"1,302.60"
27/08/2021,"1,308.60"
30/08/2021,"1,307.30"
31/08/2021,"1,318.70"
01/09/2021,"1,314.20"
02/09/2021,"1,310.20"
03/09/2021,"1,314.70"
06/09/2021,"1,317.50"
07/09/2021,"1,307.30"
08/09/2021,"1,300.10"
09/09/2021,"1,291.60"
10/09/2021,"1,295.20"
13/09/2021,"1,295.30"
14/09/2021,"1,294.20"
15/09/2021,"1,299.40"
16/09/2021,"1,269.40"
17/09/2021,"1,277.30"
20/09/2021,"1,285.80"
21/09/2021,"1,300.60"
22/09/2021,"1,299.60"
23/09/2021,"1,273.20"
24/09/2021,"1,277.30"
27/09/2021,"1,280.80"
28/09/2021,"1,280.90"
29/09/2021,"1,294.00"
30/09/2021,"1,292.50"
01/10/2021,"1,297.80"
04/10/2021,"1,289.80"
05/10/2021,"1,286.90"
06/10/2021,"1,297.00"
07/10/2021,"1,293.50"
08/10/2021,"1,300.30"
11/10/2021,"1,289.90"
12/10/2021,"1,299.60"
13/10/2021,"1,309.80"
14/10/2021,"1,314.70"
15/10/2021,"1,287.50"
18/10/2021,"1,288.50"
19/10/2021,"1,289.70"
20/10/2021,"1,287.00"
21/10/2021,"1,287.40"
22/10/2021,"1,312.90"
25/10/2021,"1,311.10"
26/10/2021,"1,294.70"
27/10/2021,"1,309.20"
28/10/2021,"1,307.00"
29/10/2021,"1,290.60"
01/11/2021,"1,311.60"
02/11/2021,"1,315.40"
03/11/2021,"1,291.00"
04/11/2021,"1,331.20"
05/11/2021,"1,335.70"
08/11/2021,"1,343.70"
09/11/2021,"1,348.40"
10/11/2021,"1,380.00"
11/11/2021,"1,387.60"
12/11/2021,"1,389.00"
15/11/2021,"1,384.70"
16/11/2021,"1,385.30"
17/11/2021,"1,385.10"
18/11/2021,"1,380.30"
19/11/2021,"1,382.80"
22/11/2021,"1,355.30"
23/11/2021,"1,338.30"
24/11/2021,"1,336.90"
25/11/2021,"1,342.50"
26/11/2021,"1,350.30"
29/11/2021,"1,343.20"
30/11/2021,"1,363.90"
01/12/2021,"1,343.50"
02/12/2021,"1,326.30"
03/12/2021,"1,337.00"
06/12/2021,"1,343.80"
07/12/2021,"1,345.90"
08/12/2021,"1,349.70"
09/12/2021,"1,344.80"
10/12/2021,"1,345.30"
13/12/2021,"1,351.40"
14/12/2021,"1,342.60"
15/12/2021,"1,338.30"
16/12/2021,"1,347.00"
17/12/2021,"1,362.90"
20/12/2021,"1,358.70"
21/12/2021,"1,355.60"
22/12/2021,"1,343.30"
23/12/2021,"1,346.50"
24/12/2021,"1,346.00"
27/12/2021,"1,345.40"
28/12/2021,"1,344.70"
29/12/2021,"1,330.50"
30/12/2021,"1,338.00"
31/12/2021,"1,333.30"
03/01/2022,"1,342.90"
04/01/2022,"1,336.50"
05/01/2022,"1,346.20"
06/01/2022,"1,322.70"
07/01/2022,"1,320.70"
10/01/2022,"1,323.00"
11/01/2022,"1,328.00"
12/01/2022,"1,330.80"
13/01/2022,"1,325.40"
14/01/2022,"1,332.20"
17/01/2022,"1,331.80"
18/01/2022,"1,337.90"
19/01/2022,"1,340.50"
20/01/2022,"1,351.40"
21/01/2022,"1,355.70"
24/01/2022,"1,360.40"
25/01/2022,"1,369.90"
26/01/2022,"1,358.90"
27/01/2022,"1,349.10"
28/01/2022,"1,333.10"
31/01/2022,"1,338.10"
01/02/2022,"1,332.40"
02/02/2022,"1,329.60"
03/02/2022,"1,317.10"
04/02/2022,"1,333.70"
07/02/2022,"1,340.20"
08/02/2022,"1,344.70"
09/02/2022,"1,349.30"
10/02/2022,"1,347.90"
11/02/2022,"1,346.10"
14/02/2022,"1,381.10"
15/02/2022,"1,367.10"
16/02/2022,"1,371.70"
17/02/2022,"1,390.20"
18/02/2022,"1,394.00"
21/02/2022,"1,392.20"
22/02/2022,"1,397.60"
23/02/2022,"1,404.80"
24/02/2022,"1,458.40"
25/02/2022,"1,404.70"
28/02/2022,"1,423.40"
01/03/2022,"1,439.50"
02/03/2022,"1,448.50"
03/03/2022,"1,446.40"
04/03/2022,"1,471.70"
07/03/2022,"1,508.10"
08/03/2022,"1,555.30"
09/03/2022,"1,511.70"
10/03/2022,"1,520.80"
11/03/2022,"1,512.00"
14/03/2022,"1,497.60"
15/03/2022,"1,464.50"
16/03/2022,"1,460.90"
17/03/2022,"1,481.80"
18/03/2022,"1,469.90"
